name,gender,field,email,location,experience
Carlos Okeke,Male,UX Design,carlos.okeke2@example.com,Australia,13
Fatima Smith,Female,Data Science,fatima.smith67@example.com,Nigeria,8
Rita Smith,Female,Cybersecurity,rita.smith90@example.com,UK,10
Emily Smith,Female,Data Engineering,emily.smith76@example.com,Brazil,7
David Lin,Male,AI/ML,david.lin37@example.com,France,8
Raj Johnson,Male,Cloud Engineering,raj.johnson19@example.com,Australia,12
Zhang Singh,Male,Cloud Engineering,zhang.singh2@example.com,India,6
David Smith,Male,UX Design,david.smith21@example.com,India,8
Fatima Tanaka,Female,Product Management,fatima.tanaka16@example.com,Nigeria,4
Mei Gomez,Female,Data Engineering,mei.gomez23@example.com,Nigeria,6
Omar Gomez,Male,Cloud Engineering,omar.gomez100@example.com,USA,13
Priya Tanaka,Female,Data Science,priya.tanaka79@example.com,Germany,13
Fatima Sharma,Female,Backend Development,fatima.sharma43@example.com,Nigeria,6
Sarah Sharma,Female,Frontend Development,sarah.sharma6@example.com,Japan,3
David Patel,Male,Cybersecurity,david.patel51@example.com,Nigeria,7
Lina Wang,Female,Data Science,lina.wang95@example.com,India,14
Carlos Gomez,Male,Data Science,carlos.gomez26@example.com,Germany,9
Leo Ahmed,Male,UX Design,leo.ahmed36@example.com,Australia,5
James Smith,Male,Data Engineering,james.smith97@example.com,Australia,7
David Singh,Male,Cloud Engineering,david.singh63@example.com,France,9
Ali Singh,Male,Cloud Engineering,ali.singh45@example.com,Germany,7
Nadia Patel,Female,Frontend Development,nadia.patel53@example.com,USA,6
Yuki Singh,Female,Cybersecurity,yuki.singh66@example.com,Canada,7
Nadia Okeke,Female,Frontend Development,nadia.okeke40@example.com,Singapore,3
Fatima Patel,Female,Full Stack Development,fatima.patel64@example.com,Brazil,3
Mei Khan,Female,Data Engineering,mei.khan46@example.com,Australia,10
David Garcia,Male,Data Engineering,david.garcia79@example.com,Singapore,12
Fatima Smith,Female,Data Engineering,fatima.smith79@example.com,Singapore,11
Lina Okeke,Female,Data Science,lina.okeke55@example.com,Canada,12
Omar Tanaka,Male,Full Stack Development,omar.tanaka37@example.com,UK,7
Raj Tanaka,Male,AI/ML,raj.tanaka39@example.com,Japan,5
James Gomez,Male,Frontend Development,james.gomez43@example.com,Germany,5
Arjun Smith,Male,Backend Development,arjun.smith25@example.com,France,6
Omar Khan,Male,Backend Development,omar.khan90@example.com,Nigeria,8
Raj Johnson,Male,Product Management,raj.johnson11@example.com,Nigeria,4
James Smith,Male,UX Design,james.smith48@example.com,India,4
Nadia Smith,Female,AI/ML,nadia.smith60@example.com,Brazil,4
Arjun Smith,Male,Frontend Development,arjun.smith61@example.com,Canada,5
Ali Lin,Male,AI/ML,ali.lin38@example.com,Japan,14
Victor Ahmed,Male,AI/ML,victor.ahmed88@example.com,Germany,9
Carlos Lin,Male,AI/ML,carlos.lin80@example.com,Germany,7
Sarah Khan,Female,UX Design,sarah.khan40@example.com,Japan,12
Carlos Singh,Male,Backend Development,carlos.singh81@example.com,India,12
Ali Johnson,Male,AI/ML,ali.johnson59@example.com,Brazil,11
Emily Smith,Female,Backend Development,emily.smith19@example.com,Japan,4
Zhang Okeke,Male,Frontend Development,zhang.okeke74@example.com,UK,4
Fatima Lin,Female,Product Management,fatima.lin33@example.com,India,6
Nadia Patel,Female,Data Engineering,nadia.patel48@example.com,UK,14
Priya Patel,Female,Cybersecurity,priya.patel30@example.com,UK,15
Fatima Sharma,Female,Data Engineering,fatima.sharma50@example.com,India,15
Nadia O'Neill,Female,Full Stack Development,nadia.o'neill60@example.com,Brazil,10
Rita Smith,Female,Product Management,rita.smith34@example.com,Brazil,11
Emily Okeke,Female,Cloud Engineering,emily.okeke39@example.com,France,15
Carlos Gomez,Male,UX Design,carlos.gomez21@example.com,India,11
James Gomez,Male,Cloud Engineering,james.gomez47@example.com,Singapore,14
Mei Patel,Female,AI/ML,mei.patel58@example.com,UK,9
Mei O'Neill,Female,AI/ML,mei.o'neill54@example.com,Germany,3
Sarah Johnson,Female,Data Engineering,sarah.johnson49@example.com,India,10
Victor Johnson,Male,Cybersecurity,victor.johnson58@example.com,France,6
Nadia Khan,Female,Frontend Development,nadia.khan7@example.com,Australia,14
James Wang,Male,Frontend Development,james.wang19@example.com,Singapore,15
Zhang Patel,Male,AI/ML,zhang.patel69@example.com,Brazil,8
Leo Okeke,Male,Cloud Engineering,leo.okeke55@example.com,USA,11
Yuki Gomez,Female,Data Engineering,yuki.gomez71@example.com,Singapore,4
Raj Patel,Male,AI/ML,raj.patel85@example.com,UK,4
Fatima Johnson,Female,Frontend Development,fatima.johnson19@example.com,India,13
Priya Garcia,Female,Full Stack Development,priya.garcia38@example.com,Brazil,7
David Ahmed,Male,Data Engineering,david.ahmed21@example.com,Brazil,3
Priya O'Neill,Female,Frontend Development,priya.o'neill20@example.com,Germany,4
Rita Lin,Female,UX Design,rita.lin13@example.com,Canada,13
Lina Ahmed,Female,AI/ML,lina.ahmed50@example.com,UK,11
Carlos Lin,Male,Data Engineering,carlos.lin50@example.com,USA,12
Lina Smith,Female,Data Engineering,lina.smith69@example.com,Australia,13
Omar O'Neill,Male,Data Science,omar.o'neill65@example.com,Germany,9
Anita Gomez,Female,UX Design,anita.gomez14@example.com,Singapore,7
Victor Ahmed,Male,Cloud Engineering,victor.ahmed40@example.com,UK,11
Emily Okeke,Female,Product Management,emily.okeke89@example.com,Australia,3
Omar Patel,Male,Backend Development,omar.patel54@example.com,India,3
Leo Wang,Male,Cybersecurity,leo.wang25@example.com,Nigeria,7
Carlos Lin,Male,Full Stack Development,carlos.lin63@example.com,Nigeria,11
Sarah Singh,Female,Data Engineering,sarah.singh10@example.com,Canada,5
Victor Garcia,Male,Full Stack Development,victor.garcia74@example.com,Australia,15
Victor Khan,Male,Data Engineering,victor.khan1@example.com,Australia,9
Anita Singh,Female,Frontend Development,anita.singh86@example.com,Nigeria,8
Arjun O'Neill,Male,Data Engineering,arjun.o'neill95@example.com,UK,10
Lina Okeke,Female,Backend Development,lina.okeke70@example.com,India,15
Emily Garcia,Female,UX Design,emily.garcia65@example.com,India,13
Anita Khan,Female,Data Science,anita.khan93@example.com,UK,4
Carlos Ahmed,Male,Cybersecurity,carlos.ahmed92@example.com,Singapore,5
Zhang Okeke,Male,Cloud Engineering,zhang.okeke15@example.com,UK,9
Fatima Singh,Female,Data Science,fatima.singh19@example.com,Japan,7
Arjun Okeke,Male,Frontend Development,arjun.okeke57@example.com,Japan,3
Priya Sharma,Female,Data Engineering,priya.sharma94@example.com,USA,9
James Okeke,Male,Full Stack Development,james.okeke42@example.com,Australia,15
Leo Smith,Male,Cloud Engineering,leo.smith78@example.com,USA,15
Mei Khan,Female,Backend Development,mei.khan14@example.com,Canada,10
Arjun Ahmed,Male,Cloud Engineering,arjun.ahmed75@example.com,UK,3
Mei Gomez,Female,Cloud Engineering,mei.gomez61@example.com,UK,11
Nadia O'Neill,Female,Full Stack Development,nadia.o'neill38@example.com,Australia,13
Mei Okeke,Female,Backend Development,mei.okeke95@example.com,Australia,14
